-- ============================================================
-- MEO Consul Tool - Seed Data for Development
-- ============================================================
-- Run this after the migration to populate demo data.
-- In production, this should NOT be executed.

-- Organization
INSERT INTO organizations (id, name) VALUES
  ('11111111-1111-1111-1111-111111111111', 'MEOコンサルティング株式会社');

-- Clients
INSERT INTO clients (id, org_id, company_name, contact_email) VALUES
  ('22222222-2222-2222-2222-222222222201', '11111111-1111-1111-1111-111111111111', '株式会社メディカルA', 'medical-a@example.com'),
  ('22222222-2222-2222-2222-222222222202', '11111111-1111-1111-1111-111111111111', 'BeautyGroup株式会社', 'beauty@example.com'),
  ('22222222-2222-2222-2222-222222222203', '11111111-1111-1111-1111-111111111111', 'フードカンパニー株式会社', 'food@example.com');

-- Locations
INSERT INTO locations (id, client_id, name, address, category) VALUES
  ('33333333-3333-3333-3333-333333333301', '22222222-2222-2222-2222-222222222201', '渋谷デンタルクリニック', '東京都渋谷区道玄坂1-2-3', '歯科医院'),
  ('33333333-3333-3333-3333-333333333302', '22222222-2222-2222-2222-222222222202', '新宿ビューティーサロン', '東京都新宿区歌舞伎町1-4-5', '美容サロン'),
  ('33333333-3333-3333-3333-333333333303', '22222222-2222-2222-2222-222222222203', '池袋イタリアンレストラン', '東京都豊島区南池袋2-6-7', 'イタリアンレストラン');

-- Keywords
INSERT INTO keywords (id, location_id, keyword, is_primary) VALUES
  ('44444444-4444-4444-4444-444444444401', '33333333-3333-3333-3333-333333333301', '渋谷 歯医者', true),
  ('44444444-4444-4444-4444-444444444402', '33333333-3333-3333-3333-333333333301', '渋谷 インプラント', false),
  ('44444444-4444-4444-4444-444444444403', '33333333-3333-3333-3333-333333333301', '渋谷 矯正', false),
  ('44444444-4444-4444-4444-444444444404', '33333333-3333-3333-3333-333333333301', '渋谷 ホワイトニング', false),
  ('44444444-4444-4444-4444-444444444405', '33333333-3333-3333-3333-333333333301', '渋谷駅 歯科', false),
  ('44444444-4444-4444-4444-444444444406', '33333333-3333-3333-3333-333333333302', '新宿 美容サロン', true),
  ('44444444-4444-4444-4444-444444444407', '33333333-3333-3333-3333-333333333302', '新宿 エステ', false),
  ('44444444-4444-4444-4444-444444444408', '33333333-3333-3333-3333-333333333303', '池袋 イタリアン', true),
  ('44444444-4444-4444-4444-444444444409', '33333333-3333-3333-3333-333333333303', '池袋 パスタ', false);

-- Competitors
INSERT INTO competitors (id, location_id, name, category) VALUES
  ('55555555-5555-5555-5555-555555555501', '33333333-3333-3333-3333-333333333301', '渋谷駅前歯科', '歯科医院'),
  ('55555555-5555-5555-5555-555555555502', '33333333-3333-3333-3333-333333333301', 'スマイルデンタル渋谷', '歯科医院'),
  ('55555555-5555-5555-5555-555555555503', '33333333-3333-3333-3333-333333333302', 'ビューティーパレス新宿', '美容サロン');

-- Sample reviews
INSERT INTO reviews (id, location_id, author, rating, body, theme, reply_status, reviewed_at) VALUES
  ('66666666-6666-6666-6666-666666666601', '33333333-3333-3333-3333-333333333301', '山田太郎', 5, '丁寧な治療で安心できました。スタッフの対応も素晴らしいです。', '接客', 'published', '2026-02-10 10:00:00+09'),
  ('66666666-6666-6666-6666-666666666602', '33333333-3333-3333-3333-333333333301', '佐藤花子', 2, '予約時間に行ったのに30分待たされました。改善してほしいです。', '待ち時間', 'draft', '2026-02-12 14:00:00+09'),
  ('66666666-6666-6666-6666-666666666603', '33333333-3333-3333-3333-333333333301', '田中一郎', 4, 'ホワイトニングの効果が実感できました。', '品質', 'pending', '2026-02-13 09:00:00+09'),
  ('66666666-6666-6666-6666-666666666604', '33333333-3333-3333-3333-333333333302', '鈴木美咲', 1, '予約したのに1時間待ち。二度と行かない。', '待ち時間', 'pending', '2026-02-11 16:00:00+09');

-- Note: Users table requires auth_uid which depends on Supabase Auth.
-- Users should be created via the application's signup flow or
-- Supabase Dashboard. After creating auth users, run:
--
-- INSERT INTO users (auth_uid, org_id, email, full_name, role) VALUES
--   ('<auth-uid>', '11111111-1111-1111-1111-111111111111', 'admin@example.com', '管理者', 'agency_admin');
